ID,LCLAS_NM,MLSFC_NM,POI_ID,POI_NM,BHF_NM,ASSTN_NM,CL_CD,CL_NM,PNU,CTPRVN_NM,SIGNGU_NM,LEGALDONG_NM,LI_NM,LNBR_NO,LEGALDONG_CD,ADSTRD_CD,RDNMADR_CD,RDNMADR_NM,BULD_NO,LC_LO,LC_LA,GID_CD,LAST_CHG_DE,ORIGIN_NM,FILE_NM,BASE_DE
"KCMPLPO23N000000001","장소","관광지","4898815","한국민속촌다모드라마촬영지",,,"60515","드라마/영화촬영지","4146310500100350000","경기도","용인시 기흥구","보라동",,"35","4146310500","4146353500","414633204030","민속촌로","90","127.122856255792","37.2606539899102","다사665180","20231220","KT","KC_502_LLR_MOVIE_DRMA_PLCE_2023","20231220"
"KCMPLPO23N000000002","장소","관광지","5404922","연개소문촬영지",,,"60515","드라마/영화촬영지","4728025321104530001","경상북도","문경시","가은읍","왕능리","453-1","4728025321","4728025300",,,,"128.066996573219","36.6553760155307","라바506509","20231220","KT","KC_502_LLR_MOVIE_DRMA_PLCE_2023","20231220"
"KCMPLPO23N000000003","장소","관광지","6079896","웰컴투동막골촬영지",,,"60515","드라마/영화촬영지","5176031022200500014","강원특별자치도","평창군","미탄면","율치리","산50-14","5176031022","5176031000",,,,"128.470356729814","37.3154650388921","라사859244","20231220","KT","KC_502_LLR_MOVIE_DRMA_PLCE_2023","20231220"
"KCMPLPO23N000000004","장소","관광지","6843696","박하사탕촬영지",,,"60515","드라마/영화촬영지","4315036028107240000","충청북도","제천시","백운면","애련리","724","4315036028","4315036000",,,,"128.060973648509","37.0896154911562","라바498991","20231220","KT","KC_502_LLR_MOVIE_DRMA_PLCE_2023","20231220"
"KCMPLPO23N000000005","장소","관광지","6854153","엽기적인그녀촬영지",,,"60515","드라마/영화촬영지","5177025923104990011","강원특별자치도","정선군","신동읍","조동리","499-11","5177025923","5177025900",,,,"128.688524255095","37.2014499241859","마사054120","20231220","KT","KC_502_LLR_MOVIE_DRMA_PLCE_2023","20231220"
"KCMPLPO23N000000006","장소","관광지","6864413","화왕산촬영지",,,"60515","드라마/영화촬영지","4874025023102440002","경상남도","창녕군","창녕읍","말흘리","244-2","4874025023","4874025000",,,,"128.508454160501","35.5390779404821","라마914274","20231220","KT","KC_502_LLR_MOVIE_DRMA_PLCE_2023","20231220"
"KCMPLPO23N000000007","장소","관광지","7218675","용마공원용마랜드",,,"60515","드라마/영화촬영지","1126010500200690001","서울특별시","중랑구","망우동",,"산69-1","1126010500","1126066000","112604118167","망우로70길","118","127.10575154409","37.5944728997649","다사651550","20231220","KT","KC_502_LLR_MOVIE_DRMA_PLCE_2023","20231220"
"KCMPLPO23N000000008","장소","관광지","7218849","횡성테마랜드",,,"60515","드라마/영화촬영지","5173031021105580001","강원특별자치도","횡성군","우천면","두곡리","558-1","5173031021","5173031000",,,,"128.037632773646","37.4769931728385","라사475421","20231220","KT","KC_502_LLR_MOVIE_DRMA_PLCE_2023","20231220"
"KCMPLPO23N000000009","장소","관광지","7345735","익산교도소세트장",,,"60515","드라마/영화촬영지","4514035022101540004","전라북도","익산시","성당면","와초리","154-4","4514035022","4514035000","451404607929","함낭로","207","126.93126293823","36.0693698843572","다마487859","20231220","KT","KC_502_LLR_MOVIE_DRMA_PLCE_2023","20231220"
"KCMPLPO23N000000010","장소","관광지","7461518","전주영화종합촬영소",,,"60515","드라마/영화촬영지","4511114500105400000","전라북도","전주시 완산구","상림동",,"540","4511114500","4511171400","451114598286","원상림길","125-14","127.075101851519","35.8147163300193","다마616576","20231220","KT","KC_502_LLR_MOVIE_DRMA_PLCE_2023","20231220"
"KCMPLPO23N000000011","장소","관광지","8012142","연애소설촬영장소",,,"60515","드라마/영화촬영지","5176038024107040000","강원특별자치도","평창군","대관령면","횡계리","704","5176038024","5176038000","517604484055","꽃밭양지길","708-9","128.723704234189","37.7394665247162","마사078717","20231220","KT","KC_502_LLR_MOVIE_DRMA_PLCE_2023","20231220"
"KCMPLPO23N000000012","장소","관광지","8012148","가을동화촬영장소",,,"60515","드라마/영화촬영지","5176038024107040000","강원특별자치도","평창군","대관령면","횡계리","704","5176038024","5176038000","517604484055","꽃밭양지길","708-9","128.721787288904","37.7407119703406","마사076719","20231220","KT","KC_502_LLR_MOVIE_DRMA_PLCE_2023","20231220"
"KCMPLPO23N000000013","장소","관광지","8012150","여친소촬영장소",,,"60515","드라마/영화촬영지","5176038024107040000","강원특별자치도","평창군","대관령면","횡계리","704","5176038024","5176038000","517604484055","꽃밭양지길","708-9","128.725117649217","37.7469910252684","마사079726","20231220","KT","KC_502_LLR_MOVIE_DRMA_PLCE_2023","20231220"
"KCMPLPO23N000000014","장소","관광지","8012155","태극기휘날리며촬영지",,,"60515","드라마/영화촬영지","5176038024107040000","강원특별자치도","평창군","대관령면","횡계리","704","5176038024","5176038000","517604484055","꽃밭양지길","708-9","128.725428654869","37.7476452730891","마사079727","20231220","KT","KC_502_LLR_MOVIE_DRMA_PLCE_2023","20231220"
"KCMPLPO23N000000015","장소","관광지","8012157","웰컴투동막골촬영지",,,"60515","드라마/영화촬영지","5176038024107040000","강원특별자치도","평창군","대관령면","횡계리","704","5176038024","5176038000","517604484055","꽃밭양지길","708-9","128.725428624875","37.7476090420819","마사079727","20231220","KT","KC_502_LLR_MOVIE_DRMA_PLCE_2023","20231220"
"KCMPLPO23N000000016","장소","관광지","8456608","대조영촬영지",,,"60515","드라마/영화촬영지","5121011300100240066","강원특별자치도","속초시","장사동",,"24-66","5121011300","5121051000",,,,"128.523764412099","38.2076611705725","라아896235","20231220","KT","KC_502_LLR_MOVIE_DRMA_PLCE_2023","20231220"
"KCMPLPO23N000000017","장소","관광지","9653618","청석골드라마세트장",,,"60515","드라마/영화촬영지","5178032022201330001","강원특별자치도","철원군","근남면","잠곡리","산133-1","5178032022","5178032000","517804490160","샛말1길","189","127.479306344377","38.1944442163635","다아981215","20231220","KT","KC_502_LLR_MOVIE_DRMA_PLCE_2023","20231220"
"KCMPLPO23N000000018","장소","관광지","9653956","선생김봉두찰영지",,,"60515","드라마/영화촬영지","5177025927104360004","강원특별자치도","정선군","신동읍","덕천리","436-4","5177025927","5177025900","517704487268","연포길","544-6","128.57178135433","37.2512697173123","라사950174","20231220","KT","KC_502_LLR_MOVIE_DRMA_PLCE_2023","20231220"
"KCMPLPO23N000000019","장소","관광지","10213079","영화스캔들촬영지",,,"60515","드라마/영화촬영지","4690033021100610000","전라남도","진도군","의신면","사천리","61","4690033021","4690033000","469003301026","운림산방로","315","126.308904328295","34.4658071201861","나라906086","20231220","KT","KC_502_LLR_MOVIE_DRMA_PLCE_2023","20231220"
"KCMPLPO23N000000020","장소","관광지","10252281","청풍명월촬영지",,,"60515","드라마/영화촬영지","4827025022200880000","경상남도","밀양시","삼랑진읍","용전리","산88","4827025022","4827025000",,,,"128.829636845318","35.4393800559627","마마206167","20231220","KT","KC_502_LLR_MOVIE_DRMA_PLCE_2023","20231220"
"KCMPLPO23N000000021","장소","관광지","10252284","영상테마파크&청와대세트장",,,"60515","드라마/영화촬영지","4889046037102560005","경상남도","합천군","용주면","가호리","256-5","4889046037","4889046000","488903348035","합천호수로","757","128.071159373178","35.5491350208006","라마517282","20231220","KT","KC_502_LLR_MOVIE_DRMA_PLCE_2023","20231220"
"KCMPLPO23N000000022","장소","관광지","10252287","JSA촬영지",,,"60515","드라마/영화촬영지","4477034040100080012","충청남도","서천군","한산면","신성리","8-12","4477034040","4477034000",,,,"126.862618844261","36.0682168038677","다마426858","20231220","KT","KC_502_LLR_MOVIE_DRMA_PLCE_2023","20231220"
"KCMPLPO23N000000023","장소","관광지","10252289","원정리",,,"60515","드라마/영화촬영지","3017012500104930001","대전광역시","서구","용촌동",,"493-1","3017012500","3017060000",,,,"127.315647095572","36.2476673764633","다바834056","20231220","KT","KC_502_LLR_MOVIE_DRMA_PLCE_2023","20231220"
"KCMPLPO23N000000024","장소","관광지","10252290","은행나무침대촬영지",,,"60515","드라마/영화촬영지","4831033023100580010","경상남도","거제시","남부면","다포리","58-10","4831033023","4831033000",,,,"128.622764907142","34.7146309646516","마라028361","20231220","KT","KC_502_LLR_MOVIE_DRMA_PLCE_2023","20231220"
"KCMPLPO23N000000025","장소","관광지","10252291","전라좌수영",,,"60515","드라마/영화촬영지","4580036022106420000","전라북도","부안군","변산면","격포리","642","4580036022","4580036000","458004640087","궁항영상길","91","126.465951838428","35.6098596759049","다마063353","20231220","KT","KC_502_LLR_MOVIE_DRMA_PLCE_2023","20231220"
"KCMPLPO23N000000026","장소","관광지","10252293","허준촬영지",,,"60515","드라마/영화촬영지","4682034030101800014","전라남도","해남군","송지면","송호리","180-14","4682034030","4682034000",,,,"126.52156164777","34.3432646707605","다다100948","20231220","KT","KC_502_LLR_MOVIE_DRMA_PLCE_2023","20231220"
"KCMPLPO23N000000027","장소","관광지","10252295","대장금촬영지",,,"60515","드라마/영화촬영지","4579032036103970001","전라북도","고창군","아산면","삼인리","397-1","4579032036","4579032000",,,,"126.584564887755","35.5003967001149","다마169231","20231220","KT","KC_502_LLR_MOVIE_DRMA_PLCE_2023","20231220"
"KCMPLPO23N000000028","장소","관광지","10252296","동승촬영지",,,"60515","드라마/영화촬영지","4717033023107490000","경상북도","안동시","서후면","태장리","749","4717033023","4717033000","471704721498","봉정사길","141","128.668250108042","36.6434669320635","마바044501","20231220","KT","KC_502_LLR_MOVIE_DRMA_PLCE_2023","20231220"
"KCMPLPO23N000000029","장소","관광지","10252299","폭풍속으로촬영지",,,"60515","드라마/영화촬영지","4793031025201860000","경상북도","울진군","북면","덕구리","산186","4793031025","4793031000",,,,"129.277383365147","37.0783227263852","마바579992","20231220","KT","KC_502_LLR_MOVIE_DRMA_PLCE_2023","20231220"
"KCMPLPO23N000000030","장소","관광지","10252300","러브레터촬영지",,,"60515","드라마/영화촬영지","5173037025110500001","강원특별자치도","횡성군","서원면","유현리","1050-1","5173037025","5173037000",,,,"127.816190952083","37.5276496266272","라사279476","20231220","KT","KC_502_LLR_MOVIE_DRMA_PLCE_2023","20231220"
"KCMPLPO23N000000031","장소","관광지","10252301","러빙유촬영지",,,"60515","드라마/영화촬영지","5013031028200900000","제주특별자치도","서귀포시","안덕면","동광리","산90","5013031028","5013031000","501303349241","한창로","775","126.329148616341","33.3287485602202","나나910825","20231220","KT","KC_502_LLR_MOVIE_DRMA_PLCE_2023","20231220"
"KCMPLPO23N000000032","장소","관광지","10252302","로망스촬영지",,,"60515","드라마/영화촬영지","4812913800200520003","경상남도","창원시 진해구","태백동",,"산52-3","4812913800","4812955000","481294793236","여좌로118번길","70","128.676358170553","35.1592802145608","마라071855","20231220","KT","KC_502_LLR_MOVIE_DRMA_PLCE_2023","20231220"
"KCMPLPO23N000000033","장소","관광지","10252303","명성황후촬영지",,,"60515","드라마/영화촬영지","1111011900100010001","서울특별시","종로구","세종로",,"1-1","1111011900","1111061500","111103100007","사직로","161","126.97658674664","37.5810180176423","다사537536","20231220","KT","KC_502_LLR_MOVIE_DRMA_PLCE_2023","20231220"
"KCMPLPO23N000000034","장소","관광지","10252304","모래시계촬영지",,,"60515","드라마/영화촬영지","5115034028105690002","강원특별자치도","강릉시","강동면","정동진리","569-2","5115034028","5115034000",,,,"129.038240504939","37.6872483353307","마사356664","20231220","KT","KC_502_LLR_MOVIE_DRMA_PLCE_2023","20231220"
"KCMPLPO23N000000035","장소","관광지","10252308","봄날은간다촬영지",,,"60515","드라마/영화촬영지","5177037021107700000","강원특별자치도","정선군","여량면","여량리","770","5177037021","5177037000","517704487244","아우라지길","78","128.722779952256","37.4772463161313","마사081427","20231220","KT","KC_502_LLR_MOVIE_DRMA_PLCE_2023","20231220"
"KCMPLPO23N000000036","장소","관광지","10252309","봄날은간다촬영지",,,"60515","드라마/영화촬영지","5123031021201500000","강원특별자치도","삼척시","근덕면","상맹방리","산150","5123031021","5123031000",,,,"129.19937071115","37.3970970567422","마사504344","20231220","KT","KC_502_LLR_MOVIE_DRMA_PLCE_2023","20231220"
"KCMPLPO23N000000037","장소","관광지","10252311","부산영화촬영스튜디오",,,"60515","드라마/영화촬영지","2635010500113930000","부산광역시","해운대구","우동",,"1393","2635010500","2635052500","263503133043","해운대해변로","52","129.137973903798","35.1624427695987","마라491864","20231220","KT","KC_502_LLR_MOVIE_DRMA_PLCE_2023","20231220"
"KCMPLPO23N000000038","장소","관광지","10252313","SBS제천촬영장",,,"60515","드라마/영화촬영지","4315032041101090005","충청북도","제천시","청풍면","물태리","109-5","4315032041","4315032000",,,,"128.17042969266","37.003143887738","라바596896","20231220","KT","KC_502_LLR_MOVIE_DRMA_PLCE_2023","20231220"
"KCMPLPO23N000000039","장소","관광지","10252314","가문의영광촬영지",,,"60515","드라마/영화촬영지","4613011600102770000","전라남도","여수시","남산동",,"277","4613011600","4613065500",,,,"127.729677696699","34.7346614168649","라라210378","20231220","KT","KC_502_LLR_MOVIE_DRMA_PLCE_2023","20231220"
"KCMPLPO23N000000040","장소","관광지","10252316","겨울연가촬영지",,,"60515","드라마/영화촬영지","5176038023101370002","강원특별자치도","평창군","대관령면","차항리","137-2","5176038023","5176038000",,,,"128.682998719281","37.7128306574879","마사042687","20231220","KT","KC_502_LLR_MOVIE_DRMA_PLCE_2023","20231220"
"KCMPLPO23N000000041","장소","관광지","10252317","겨울연가촬영지",,,"60515","드라마/영화촬영지","1111014800100010000","서울특별시","종로구","가회동",,"1","1111014600","1111060000","111104100428","창덕궁길","164","126.986667235336","37.5835565767649","다사546539","20231220","KT","KC_502_LLR_MOVIE_DRMA_PLCE_2023","20231220"
"KCMPLPO23N000000042","장소","관광지","10252318","그대그리고나촬영지",,,"60515","드라마/영화촬영지","4777031032108130000","경상북도","영덕군","강구면","오포리","813","4777031032","4777031000",,,,"129.389175756703","36.3580158755399","마바695195","20231220","KT","KC_502_LLR_MOVIE_DRMA_PLCE_2023","20231220"
"KCMPLPO23N000000043","장소","관광지","10252324","불새드라마촬영지",,,"60515","드라마/영화촬영지","5013011900129500003","제주특별자치도","서귀포시","색달동",,"2950-3","5013011900","5013062000",,,,"126.414812456789","33.2450049422952","나나989731","20231220","KT","KC_502_LLR_MOVIE_DRMA_PLCE_2023","20231220"
"KCMPLPO23N000000044","장소","관광지","10252325","나주영상테마파크",,,"60515","드라마/영화촬영지","4617034024110440000","전라남도","나주시","공산면","신곡리","1044","4617034024","4617034000",,,,"126.600482076057","34.9795610024203","다라178653","20231220","KT","KC_502_LLR_MOVIE_DRMA_PLCE_2023","20231220"
"KCMPLPO23N000000045","장소","관광지","10252326","서동요테마파크",,,"60515","드라마/영화촬영지","4476039026102700000","충청남도","부여군","충화면","가화리","270","4476039026","4476039000","447603259196","충신로","616","126.823734811534","36.1448263830928","다마391944","20231220","KT","KC_502_LLR_MOVIE_DRMA_PLCE_2023","20231220"
"KCMPLPO23N000000046","장소","관광지","10252329","서동요촬영지",,,"60515","드라마/영화촬영지","4514012400200210000","전라북도","익산시","신흥동",,"산21","4514012400","4514067000",,,,"126.991651530133","35.945467011593","다마541722","20231220","KT","KC_502_LLR_MOVIE_DRMA_PLCE_2023","20231220"
"KCMPLPO23N000000047","장소","관광지","10252330","남양주종합촬영소",,,"60515","드라마/영화촬영지","4136036025100920000","경기도","남양주시","조안면","삼봉리","92","4136036025","4136036000","413604391374","북한강로855번길","138","127.318647694824","37.6049895290489","다사839561","20231220","KT","KC_502_LLR_MOVIE_DRMA_PLCE_2023","20231220"
"KCMPLPO23N000000048","장소","관광지","10252333","석불산영상랜드",,,"60515","드라마/영화촬영지","4580040021106850056","전라북도","부안군","하서면","청호리","685-56","4580040021","4580040000",,,,"126.642165471683","35.7269046547699","다마224481","20231220","KT","KC_502_LLR_MOVIE_DRMA_PLCE_2023","20231220"
"KCMPLPO23N000000049","장소","관광지","10252334","선물촬영지",,,"60515","드라마/영화촬영지","4678025024201810000","전라남도","보성군","보성읍","봉산리","산181","4678025024","4678025000","467803290003","녹차로","1035","127.08924499492","34.7363609230577","다라623380","20231220","KT","KC_502_LLR_MOVIE_DRMA_PLCE_2023","20231220"
"KCMPLPO23N000000050","장소","관광지","10252336","스캔들촬영지",,,"60515","드라마/영화촬영지","4690033032102460000","전라남도","진도군","의신면","만길리","246","4690033032","4690033000",,,,"126.298390224807","34.4215603395507","나라895037","20231220","KT","KC_502_LLR_MOVIE_DRMA_PLCE_2023","20231220"
"KCMPLPO23N000000051","장소","관광지","10252337","슬픈연가세트장",,,"60515","드라마/영화촬영지","2872031021100010011","인천광역시","옹진군","북도면","시도리","1-11","2872031021","2872031000","287204274122","시도로86번길","404","126.439371941636","37.5451793949199","다사063500","20231220","KT","KC_502_LLR_MOVIE_DRMA_PLCE_2023","20231220"
"KCMPLPO23N000000052","장소","관광지","10252338","시월애촬영지",,,"60515","드라마/영화촬영지","2871041021202490003","인천광역시","강화군","삼산면","석모리","산249-3","2871041021","2871041000",,,,"126.298109950731","37.7020118928762","나사940676","20231220","KT","KC_502_LLR_MOVIE_DRMA_PLCE_2023","20231220"
"KCMPLPO23N000000053","장소","관광지","10252340","용인대장금파크",,,"60515","드라마/영화촬영지","4146135028107780001","경기도","용인시 처인구","백암면","용천리","778-1","4146135028","4146135000","414614433546","용천드라마길","25","127.337836164244","37.121105067435","다사855025","20231220","KT","KC_502_LLR_MOVIE_DRMA_PLCE_2023","20231220"
"KCMPLPO23N000000054","장소","관광지","10252341","신라의달밤촬영지",,,"60515","드라마/영화촬영지","4713031528108610000","경상북도","경주시","문무대왕면","봉길리","861","4713031528","4713031500",,,,"129.472363545597","35.7309659792638","마마783500","20231220","KT","KC_502_LLR_MOVIE_DRMA_PLCE_2023","20231220"
"KCMPLPO23N000000055","장소","관광지","10252342","아름다운시절촬영지",,,"60515","드라마/영화촬영지","4872031023103550001","경상남도","의령군","가례면","개승리","355-1","4872031023","4872031000",,,,"128.235633926581","35.3802437669115","라마668096","20231220","KT","KC_502_LLR_MOVIE_DRMA_PLCE_2023","20231220"
"KCMPLPO23N000000056","장소","관광지","10252343","아트서비스A동",,,"60515","드라마/영화촬영지","4148032022116520155","경기도","파주시","탄현면","법흥리","1652-155","4148032022","4148032000","414804418865","헤이리마을길","55-60","126.694711220755","37.7893929786943","다사290769","20231220","KT","KC_502_LLR_MOVIE_DRMA_PLCE_2023","20231220"
"KCMPLPO23N000000057","장소","관광지","10252344","아트서비스B동",,,"60515","드라마/영화촬영지","4148032022116520164","경기도","파주시","탄현면","법흥리","1652-164","4148032022","4148032000","414804418865","헤이리마을길","55-61","126.694287732413","37.7887634995924","다사290768","20231220","KT","KC_502_LLR_MOVIE_DRMA_PLCE_2023","20231220"
"KCMPLPO23N000000058","장소","관광지","10252345","아트하우스촬영소",,,"60515","드라마/영화촬영지","4128710800111240003","경기도","고양시 일산서구","법곳동",,"1124-3","4128710800","4128758000","412874382089","송산로334번길","247-96","126.717919647383","37.6705221271492","다사310637","20231220","KT","KC_502_LLR_MOVIE_DRMA_PLCE_2023","20231220"
"KCMPLPO23N000000059","장소","관광지","10252349","어린왕자촬영지",,,"60515","드라마/영화촬영지","4677033023108810005","전라남도","고흥군","금산면","신전리","881-5","4677033023","4677033000","467704667485","연홍길","94-5","127.089659830146","34.4621128219731","다라623076","20231220","KT","KC_502_LLR_MOVIE_DRMA_PLCE_2023","20231220"
"KCMPLPO23N000000060","장소","관광지","10252350","여름향기촬영지",,,"60515","드라마/영화촬영지","5176036027200010000","강원특별자치도","평창군","진부면","동산리","산1","5176036027","5176036000","517603228020","오대산로","905-3","128.595646551747","37.7713324119362","라사964751","20231220","KT","KC_502_LLR_MOVIE_DRMA_PLCE_2023","20231220"
"KCMPLPO23N000000061","장소","관광지","10252351","대장금촬영지",,,"60515","드라마/영화촬영지","4471033030101520002","충청남도","금산군","부리면","수통리","152-2","4471033030","4471033000",,,,"127.597385915723","36.0646756067551","라마087853","20231220","KT","KC_502_LLR_MOVIE_DRMA_PLCE_2023","20231220"
"KCMPLPO23N000000062","장소","관광지","10252352","대장금촬영지",,,"60515","드라마/영화촬영지","4678038024200580000","전라남도","보성군","득량면","오봉리","산58","4678038024","4678038000",,,,"127.162293401061","34.7553192194607","다라690401","20231220","KT","KC_502_LLR_MOVIE_DRMA_PLCE_2023","20231220"
"KCMPLPO23N000000063","장소","관광지","10252354","네멋대로해라촬영지",,,"60515","드라마/영화촬영지","4711110200106400007","경상북도","포항시 남구","대도동",,"640-7","4711110200","4711152500","471113303014","상공로","10","129.356528776877","36.0095298695213","마마673807","20231220","KT","KC_502_LLR_MOVIE_DRMA_PLCE_2023","20231220"
"KCMPLPO23N000000064","장소","관광지","10252355","번지점프를하다촬영지",,,"60515","드라마/영화촬영지","4482533027201470046","충청남도","태안군","근흥면","정죽리","산147-46","4482533027","4482533000",,,,"126.154383035644","36.695453276853","나바797561","20231220","KT","KC_502_LLR_MOVIE_DRMA_PLCE_2023","20231220"
"KCMPLPO23N000000065","장소","관광지","10252356","불멸의이순신촬영지",,,"60515","드라마/영화촬영지","4580036022106420000","전라북도","부안군","변산면","격포리","642","4580036022","4580036000","458004640087","궁항영상길","91","126.46541206296","35.60968797469","다마062353","20231220","KT","KC_502_LLR_MOVIE_DRMA_PLCE_2023","20231220"
"KCMPLPO23N000000066","장소","관광지","10252357","상도촬영지",,,"60515","드라마/영화촬영지","4615038036200780001","전라남도","순천시","낙안면","금산리","산78-1","4615038036","4615038000",,,,"127.353007831945","34.9268477790168","다라865591","20231220","KT","KC_502_LLR_MOVIE_DRMA_PLCE_2023","20231220"
"KCMPLPO23N000000067","장소","관광지","10252358","서동요세트장",,,"60515","드라마/영화촬영지","4514039023110040003","전라북도","익산시","여산면","원수리","1004-3","4514039023","4514039000",,,,"127.079534640779","36.0234847136074","다마621808","20231220","KT","KC_502_LLR_MOVIE_DRMA_PLCE_2023","20231220"
"KCMPLPO23N000000068","장소","관광지","10252361","순수의시대촬영지",,,"60515","드라마/영화촬영지","4822036027200460001","경상남도","통영시","한산면","비진리","산46-1","4822036027","4822036000",,,,"128.460172103409","34.7226877823868","라라879368","20231220","KT","KC_502_LLR_MOVIE_DRMA_PLCE_2023","20231220"
"KCMPLPO23N000000069","장소","관광지","10252362","가을로촬영지",,,"60515","드라마/영화촬영지","4671033522200290000","전라남도","담양군","가사문학면","지곡리","산29","4671033522","4671033500",,,,"127.01180815821","35.1832890182775","다라555876","20231220","KT","KC_502_LLR_MOVIE_DRMA_PLCE_2023","20231220"
"KCMPLPO23N000000070","장소","관광지","10252363","온달관광지온달오픈세트장",,,"60515","드라마/영화촬영지","4380033022101470000","충청북도","단양군","영춘면","하리","147","4380033022","4380033000","438003248041","온달로","23","128.491819290002","37.0621233176695","라바881964","20231220","KT","KC_502_LLR_MOVIE_DRMA_PLCE_2023","20231220"
"KCMPLPO23N000000071","장소","관광지","10252364","YMCA야구단촬영지",,,"60515","드라마/영화촬영지","4511111800100260003","전라북도","전주시 완산구","교동",,"26-3","4511111800","4511153000","451114598412","향교길","139","127.157221355082","35.8124685301009","다마690573","20231220","KT","KC_502_LLR_MOVIE_DRMA_PLCE_2023","20231220"
"KCMPLPO23N000000072","장소","관광지","10252367","순천드라마촬영장",,,"60515","드라마/영화촬영지","4615013300100220000","전라남도","순천시","조례동",,"22","4615013300","4615066500","461504649402","비례골길","24","127.537612339031","34.9573062273341","라라034624","20231220","KT","KC_502_LLR_MOVIE_DRMA_PLCE_2023","20231220"
"KCMPLPO23N000000073","장소","관광지","10252368","실미도촬영지",,,"60515","드라마/영화촬영지","2811015200203610005","인천광역시","중구","무의동",,"산361-5","2811015200","2811063000",,,,"126.391223632522","37.401038837637","다사018341","20231220","KT","KC_502_LLR_MOVIE_DRMA_PLCE_2023","20231220"
"KCMPLPO23N000000074","장소","관광지","10252369","여름향기촬영지",,,"60515","드라마/영화촬영지","4678025023000000000","전라남도","보성군","보성읍","옥평리",,"4678025023","4678025000",,,,"127.102738017175","34.754804939502","다라636401","20231220","KT","KC_502_LLR_MOVIE_DRMA_PLCE_2023","20231220"
"KCMPLPO23N000000075","장소","관광지","10252375","연풍연가촬영지",,,"60515","드라마/영화촬영지","5011025026102870002","제주특별자치도","제주시","한림읍","동명리","287-2","5011025026","5011025000",,,,"126.279012748071","33.3884229219321","나나864892","20231220","KT","KC_502_LLR_MOVIE_DRMA_PLCE_2023","20231220"
"KCMPLPO23N000000076","장소","관광지","10252376","엽기적인그녀촬영지",,,"60515","드라마/영화촬영지","2638010300112070001","부산광역시","사하구","하단동",,"1207-1","2638010300","2638056100","263803006030","낙동남로","1240-2","128.944438698933","35.1048123067563","마라316798","20231220","KT","KC_502_LLR_MOVIE_DRMA_PLCE_2023","20231220"
"KCMPLPO23N000000077","장소","관광지","10252377","괴물촬영지",,,"60515","드라마/영화촬영지","1117012900103930003","서울특별시","용산구","이촌동",,"393-3","1117012900","1117064000",,,,"126.952165759352","37.5292907268428","다사515479","20231220","KT","KC_502_LLR_MOVIE_DRMA_PLCE_2023","20231220"
"KCMPLPO23N000000078","장소","관광지","10252378","봄여름가을겨울그리고봄촬영지",,,"60515","드라마/영화촬영지","4775031527200410001","경상북도","청송군","주왕산면","주산지리","산41-1","4775031527","4775031500",,,,"129.195424085985","36.3554986232369","마바521188","20231220","KT","KC_502_LLR_MOVIE_DRMA_PLCE_2023","20231220"
"KCMPLPO23N000000079","장소","관광지","10252380","올인촬영지",,,"60515","드라마/영화촬영지","5013032024136650011","제주특별자치도","서귀포시","표선면","가시리","3665-11","5013032024","5013032000",,,,"126.722695583735","33.3923182020124","다나277892","20231220","KT","KC_502_LLR_MOVIE_DRMA_PLCE_2023","20231220"
"KCMPLPO23N000000080","장소","관광지","10252381","섭지코지올인하우스",,,"60515","드라마/영화촬영지","5013025924100570000","제주특별자치도","서귀포시","성산읍","고성리","57","5013025924","5013025900","501303350153","섭지코지로","261","126.931424435513","33.4258356012794","다나471928","20231220","KT","KC_502_LLR_MOVIE_DRMA_PLCE_2023","20231220"
"KCMPLPO23N000000081","장소","관광지","10252382","용의눈물촬영지",,,"60515","드라마/영화촬영지","4482535023108100006","충청남도","태안군","원북면","황촌리","810-6","4482535023","4482535000","448254592016","구례포길","47-20","126.197760734241","36.8863949789833","나바839772","20231220","KT","KC_502_LLR_MOVIE_DRMA_PLCE_2023","20231220"
"KCMPLPO23N000000082","장소","관광지","10252385","이제수의난촬영지",,,"60515","드라마/영화촬영지","5013032023109440000","제주특별자치도","서귀포시","표선면","성읍리","944","5013032023","5013032000",,,,"126.802175184128","33.3857062714534","다나350884","20231220","KT","KC_502_LLR_MOVIE_DRMA_PLCE_2023","20231220"
"KCMPLPO23N000000083","장소","관광지","10252386","장길산촬영지",,,"60515","드라마/영화촬영지","4482532022104650332","충청남도","태안군","남면","몽산리","465-332","4482532022","4482532000",,,,"126.268500513621","36.7003157699044","나바899565","20231220","KT","KC_502_LLR_MOVIE_DRMA_PLCE_2023","20231220"
"KCMPLPO23N000000084","장소","관광지","10252388","나주영상테마파크주몽촬영장",,,"60515","드라마/영화촬영지","4617034023106630000","전라남도","나주시","공산면","백사리","663","4617034023","4617034000",,,,"126.601719991389","34.9787236427571","다라180652","20231220","KT","KC_502_LLR_MOVIE_DRMA_PLCE_2023","20231220"
"KCMPLPO23N000000085","장소","관광지","10252389","천국의계단촬영지",,,"60515","드라마/영화촬영지","1171010100100400001","서울특별시","송파구","잠실동",,"40-1","1171010100","1171068000","117103123023","올림픽로","240","127.098179752828","37.5110983663961","다사644458","20231220","KT","KC_502_LLR_MOVIE_DRMA_PLCE_2023","20231220"
"KCMPLPO23N000000086","장소","관광지","10252390","천년학촬영지",,,"60515","드라마/영화촬영지","4680037022117400001","전라남도","장흥군","회진면","회진리","1740-1","4680037022","4680037000","468004676465","천년학길","60","126.940967708844","34.4666864834857","다라486082","20231220","KT","KC_502_LLR_MOVIE_DRMA_PLCE_2023","20231220"
"KCMPLPO23N000000087","장소","관광지","10252391","청춘촬영지",,,"60515","드라마/영화촬영지","4885032033107700001","경상남도","하동군","악양면","봉대리","770-1","4885032033","4885032000",,,,"127.691619932915","35.1521431775634","라라174841","20231220","KT","KC_502_LLR_MOVIE_DRMA_PLCE_2023","20231220"
"KCMPLPO23N000000088","장소","관광지","10252394","최참판댁",,,"60515","드라마/영화촬영지","4885032034104830000","경상남도","하동군","악양면","평사리","483","4885032034","4885032000","488504832495","평사리길","66-7","127.688108340331","35.1556493359308","라라171845","20231220","KT","KC_502_LLR_MOVIE_DRMA_PLCE_2023","20231220"
"KCMPLPO23N000000089","장소","관광지","10252397","춘향뎐촬영지",,,"60515","드라마/영화촬영지","4519010500101180000","전라북도","남원시","천거동",,"118","4519010500","4519055000","451903271003","광한서로","15","127.377842433867","35.4025205601339","다마889118","20231220","KT","KC_502_LLR_MOVIE_DRMA_PLCE_2023","20231220"
"KCMPLPO23N000000090","장소","관광지","10252398","선암사취화선촬영지",,,"60515","드라마/영화촬영지","4615025032108020000","전라남도","순천시","승주읍","죽학리","802","4615025032","4615025000","461504649504","선암사길","450","127.330912199364","34.9964267218338","다라845668","20231220","KT","KC_502_LLR_MOVIE_DRMA_PLCE_2023","20231220"
"KCMPLPO23N000000091","장소","관광지","10252399","친구촬영지",,,"60515","드라마/영화촬영지","2617010300107770002","부산광역시","동구","좌천동",,"777-2","2617010300","2617064500","261704181385","정공단로11번가길","21-2","129.052079203156","35.13408516774","마라414832","20231220","KT","KC_502_LLR_MOVIE_DRMA_PLCE_2023","20231220"
"KCMPLPO23N000000092","장소","관광지","10252400","클래식촬영지",,,"60515","드라마/영화촬영지","3017012400104770003","대전광역시","서구","원정동",,"477-3","3017012400","3017060000",,,,"127.297929782154","36.2568934909914","다바818066","20231220","KT","KC_502_LLR_MOVIE_DRMA_PLCE_2023","20231220"
"KCMPLPO23N000000093","장소","관광지","10252403","태양의남쪽촬영지",,,"60515","드라마/영화촬영지","5123031034100030001","강원특별자치도","삼척시","근덕면","장호리","3-1","5123031034","5123031000","512304472282","장호항길","115","129.315160738166","37.2892383073822","마사608226","20231220","KT","KC_502_LLR_MOVIE_DRMA_PLCE_2023","20231220"
"KCMPLPO23N000000094","장소","관광지","10252406","태조왕건촬영지",,,"60515","드라마/영화촬영지","4315031022102600001","충청북도","제천시","금성면","성내리","260-1","4315031022","4315031000","431503239070","청풍호로","1544","128.17345153328","37.0293528770316","라바598925","20231220","KT","KC_502_LLR_MOVIE_DRMA_PLCE_2023","20231220"
"KCMPLPO23N000000095","장소","관광지","10252407","대왕세종촬영지",,,"60515","드라마/영화촬영지","4728025030100660000","경상북도","문경시","문경읍","상초리","66","4728025030","4728025000","472803000165","새재로","1037","128.073791047066","36.7711531703274","라바512638","20231220","KT","KC_502_LLR_MOVIE_DRMA_PLCE_2023","20231220"
"KCMPLPO23N000000096","장소","관광지","10252408","파이란촬영지",,,"60515","드라마/영화촬영지","5182031023103210000","강원특별자치도","고성군","현내면","초도리","321","5182031023","5182031000",,,,"128.428170911527","38.4855171674827","라아809542","20231220","KT","KC_502_LLR_MOVIE_DRMA_PLCE_2023","20231220"
"KCMPLPO23N000000097","장소","관광지","10252411","편지촬영지",,,"60515","드라마/영화촬영지","4182033023202620000","경기도","가평군","상면","행현리","산262","4182033023","4182033000",,,,"127.345334300203","37.7424088348745","다사863714","20231220","KT","KC_502_LLR_MOVIE_DRMA_PLCE_2023","20231220"
"KCMPLPO23N000000098","장소","관광지","10252412","폭풍속으로세트장",,,"60515","드라마/영화촬영지","4793037021101200037","경상북도","울진군","죽변면","죽변리","120-37","4793037021","4793037000","479304775087","등대길","74-14","129.428461302762","37.059026018777","마바714973","20231220","KT","KC_502_LLR_MOVIE_DRMA_PLCE_2023","20231220"
"KCMPLPO23N000000099","장소","관광지","10252413","풀하우스촬영지",,,"60515","드라마/영화촬영지","2872031021100450006","인천광역시","옹진군","북도면","시도리","45-6","2872031021","2872031000",,,,"126.431825248566","37.5441009827074","다사056499","20231220","KT","KC_502_LLR_MOVIE_DRMA_PLCE_2023","20231220"
"KCMPLPO23N000000100","장소","관광지","10252414","하늘정원촬영지",,,"60515","드라마/영화촬영지","4824010800104530005","경상남도","사천시","벌리동",,"453-5","4824010800","4824055000","482403334023","벌리로","11-1","128.080986825223","34.93892029968","라라530606","20231220","KT","KC_502_LLR_MOVIE_DRMA_PLCE_2023","20231220"
"KCMPLPO23N000000101","장소","관광지","10252419","환상의커플촬영지",,,"60515","드라마/영화촬영지","4884033026111420000","경상남도","남해군","삼동면","물건리","1142","4884033026","4884033000","488403343011","독일로","66","128.040084724902","34.7991398036944","라라494450","20231220","KT","KC_502_LLR_MOVIE_DRMA_PLCE_2023","20231220"
"KCMPLPO23N000000102","장소","관광지","10252421","KBS촬영장",,,"60515","드라마/영화촬영지","4717013000107310000","경상북도","안동시","성곡동",,"731","4717013000","4717055500",,,,"128.768577077455","36.5729621404321","마바135424","20231220","KT","KC_502_LLR_MOVIE_DRMA_PLCE_2023","20231220"
"KCMPLPO23N000000103","장소","관광지","10252424","MBC문화동산",,,"60515","드라마/영화촬영지","4163010800102070012","경기도","양주시","삼숭동",,"207-12","4163010800","4163052000","416303212011","만송로","394-104","127.101518997322","37.7915190594479","다사649769","20231220","KT","KC_502_LLR_MOVIE_DRMA_PLCE_2023","20231220"
"KCMPLPO23N000000104","장소","관광지","10252425","다모촬영지",,,"60515","드라마/영화촬영지","4671037027200450000","전라남도","담양군","금성면","봉서리","산45","4671037027","4671037000",,,,"127.049624351789","35.3375673917415","다마590047","20231220","KT","KC_502_LLR_MOVIE_DRMA_PLCE_2023","20231220"
"KCMPLPO23N000000105","장소","관광지","10252426","청풍명월촬영지",,,"60515","드라마/영화촬영지","4671037027200450000","전라남도","담양군","금성면","봉서리","산45","4671037027","4671037000",,,,"127.049624351789","35.3375673917415","다마590047","20231220","KT","KC_502_LLR_MOVIE_DRMA_PLCE_2023","20231220"
"KCMPLPO23N000000106","장소","관광지","10255618","태왕사신기촬영지",,,"60515","드라마/영화촬영지","4131010600200460004","경기도","구리시","아천동",,"산46-4","4131010600","4131054100",,,,"127.110158941306","37.5611265262921","다사655513","20231220","KT","KC_502_LLR_MOVIE_DRMA_PLCE_2023","20231220"
"KCMPLPO23N000000107","장소","관광지","10258840","해신청해포구촬영장",,,"60515","드라마/영화촬영지","4689025030110890003","전라남도","완도군","완도읍","대신리","1089-3","4689025030","4689025000","468903300027","청해진서로","1161-8","126.669816625716","34.3243376056712","다다236926","20231220","KT","KC_502_LLR_MOVIE_DRMA_PLCE_2023","20231220"
"KCMPLPO23N000000108","장소","관광지","10310222","단적비연수촬영지",,,"60515","드라마/영화촬영지","4886031026100010001","경상남도","산청군","차황면","법평리","1-1","4886031026","4886031000",,,,"127.969581844048","35.4850869621298","라마425211","20231220","KT","KC_502_LLR_MOVIE_DRMA_PLCE_2023","20231220"
"KCMPLPO23N000000109","장소","관광지","10316124","용의눈물촬영장",,,"60515","드라마/영화촬영지","5175025023102490000","강원특별자치도","영월군","영월읍","방절리","249","5175025023","5175025000",,,,"128.44624911022","37.1780622175426","라사839092","20231220","KT","KC_502_LLR_MOVIE_DRMA_PLCE_2023","20231220"
"KCMPLPO23N000000110","장소","관광지","10316655","태왕사신기촬영지",,,"60515","드라마/영화촬영지","4482531022200060514","충청남도","태안군","고남면","누동리","산6-514","4482531022","4482531000","448253264007","대야로","231-159","126.393685648081","36.4537591769969","다바008290","20231220","KT","KC_502_LLR_MOVIE_DRMA_PLCE_2023","20231220"
"KCMPLPO23N000000111","장소","관광지","10316939","달마야놀자촬영장",,,"60515","드라마/영화촬영지","4825011900201200001","경상남도","김해시","삼방동",,"산120-1","4825011900","4825059000","482504829305","신어산길","140","128.914604677589","35.264775405858","마라286975","20231220","KT","KC_502_LLR_MOVIE_DRMA_PLCE_2023","20231220"
"KCMPLPO23N000000112","장소","관광지","10316947","동감촬영장",,,"60515","드라마/영화촬영지","2720010300121390011","대구광역시","남구","대명동",,"2139-11","2720010300","2720058600","272003141013","명덕로","104","128.580884300284","35.8539195028787","라마975624","20231220","KT","KC_502_LLR_MOVIE_DRMA_PLCE_2023","20231220"
"KCMPLPO23N000000113","장소","관광지","10316964","첫사랑사수궐기대회촬영장",,,"60515","드라마/영화촬영지","2611013600100790002","부산광역시","중구","중앙동7가",,"79-2","2611011000","2611051000","261104175198","용미길9번길","6-45","129.036459240748","35.0955785761504","마라400789","20231220","KT","KC_502_LLR_MOVIE_DRMA_PLCE_2023","20231220"
"KCMPLPO23N000000114","장소","관광지","10316967","번지점프를하다촬영장",,,"60515","드라마/영화촬영지","4673034024200200001","전라남도","구례군","마산면","황전리","산20-1","4673034024","4673037000","467304664229","연기암길","332-13","127.527976452854","35.2934519668519","라라025997","20231220","KT","KC_502_LLR_MOVIE_DRMA_PLCE_2023","20231220"
"KCMPLPO23N000000115","장소","관광지","10316977","태백산맥촬영장",,,"60515","드라마/영화촬영지","4688038027201710000","전라남도","장성군","북일면","문암리","산171","4688038027","4688038000",,,,"126.736926857223","35.3949692755131","다마307112","20231220","KT","KC_502_LLR_MOVIE_DRMA_PLCE_2023","20231220"
"KCMPLPO23N000000116","장소","관광지","10316988","내마음의풍금촬영장",,,"60515","드라마/영화촬영지","4579031032200780000","전라북도","고창군","고수면","상평리","산78","4579031032","4579031000","457904637784","고수로","395","126.695676062096","35.3815973395374","다마269098","20231220","KT","KC_502_LLR_MOVIE_DRMA_PLCE_2023","20231220"
"KCMPLPO23N000000117","장소","관광지","11396251","태양을삼켜라세트장",,,"60515","드라마/영화촬영지","5013025327200680008","제주특별자치도","서귀포시","남원읍","위미리","산68-8","5013025327","5013025300",,,,"126.64212554001","33.3206462205203","다나201813","20231220","KT","KC_502_LLR_MOVIE_DRMA_PLCE_2023","20231220"
"KCMPLPO23N000000118","장소","관광지","11399438","신라밀레니엄파크선덕여왕촬영지",,,"60515","드라마/영화촬영지","4713013600107190070","경상북도","경주시","신평동",,"719-70","4713013600","4713066000","471303305042","엑스포로","55-12","129.29664779621","35.8337729653342","마마622611","20231220","KT","KC_502_LLR_MOVIE_DRMA_PLCE_2023","20231220"
"KCMPLPO23N000000119","장소","관광지","11404791","마파도영화촬영지",,,"60515","드라마/영화촬영지","4687025334102390000","전라남도","영광군","백수읍","백암리","239","4687025334","4687025300","468704694417","해안로4길","193","126.380342414438","35.3201668740587","나마982033","20231220","KT","KC_502_LLR_MOVIE_DRMA_PLCE_2023","20231220"
"KCMPLPO23N000000120","장소","관광지","11416457","봄의왈츠촬영지",,,"60515","드라마/영화촬영지","4689035022103230001","전라남도","완도군","청산면","당락리","323-1","4689035022","4689035000","468903300023","청산로","136","126.862371080865","34.1700715626978","다다412753","20231220","KT","KC_502_LLR_MOVIE_DRMA_PLCE_2023","20231220"
"KCMPLPO23N000000121","장소","관광지","13643002","디마종합촬영소",,,"60515","드라마/영화촬영지","4155041026105580000","경기도","안성시","삼죽면","내강리","558","4155041026","4155041000",,,,"127.353534563847","37.0608513164258","다바869958","20231220","KT","KC_502_LLR_MOVIE_DRMA_PLCE_2023","20231220"
"KCMPLPO23N000000122","장소","관광지","13798386","청춘불패촬영지",,,"60515","드라마/영화촬영지","5172036025103010000","강원특별자치도","홍천군","남면","유치리","301","5172036025","5172036000","517203013021","시동로","1103-17","127.876394229565","37.5859817229841","라사332541","20231220","KT","KC_502_LLR_MOVIE_DRMA_PLCE_2023","20231220"
"KCMPLPO23N000000123","장소","관광지","13915741","신데렐라언니촬영지",,,"60515","드라마/영화촬영지","4165039023102910004","경기도","포천시","영북면","산정리","291-4","4165039023","4165039000",,,,"127.320870996277","38.0751100938262","다아842083","20231220","KT","KC_502_LLR_MOVIE_DRMA_PLCE_2023","20231220"
"KCMPLPO23N000000124","장소","관광지","13917958","인생은아름다워촬영지",,,"60515","드라마/영화촬영지","5013025021101700003","제주특별자치도","서귀포시","대정읍","상모리","170-3","5013025021","5013025000",,,,"126.288948894192","33.2057796061501","나나871689","20231220","KT","KC_502_LLR_MOVIE_DRMA_PLCE_2023","20231220"
"KCMPLPO23N000000125","장소","관광지","13946683","카인과아벨촬영지",,,"60515","드라마/영화촬영지","4311111200100810073","충청북도","청주시 상당구","수동",,"81-73","4311111200","4311152500","431114508398","수암로54번길","3-3","127.49430925771","36.6471391575128","다바994499","20231220","KT","KC_502_LLR_MOVIE_DRMA_PLCE_2023","20231220"
"KCMPLPO23N000000126","장소","관광지","13946696","제빵왕김탁구촬영지",,,"60515","드라마/영화촬영지","4311111200100810035","충청북도","청주시 상당구","수동",,"81-35","4311111200","4311152500","431113236034","수암로","57-1","127.494055734007","36.6473356713865","다바994499","20231220","KT","KC_502_LLR_MOVIE_DRMA_PLCE_2023","20231220"
"KCMPLPO23N000000127","장소","관광지","14120316","구서도역영상촬영장",,,"60515","드라마/영화촬영지","4519038021100020004","전라북도","남원시","사매면","서도리","2-4","4519038021","4519038000","451904613321","서도길","32","127.329635391761","35.4904524445672","다마845216","20231220","KT","KC_502_LLR_MOVIE_DRMA_PLCE_2023","20231220"
"KCMPLPO23N000000128","장소","관광지","14165534","겨울연가촬영지",,,"60515","드라마/영화촬영지","1111014600100110016","서울특별시","종로구","가회동",,"11-16","1111014600","1111060000","111104100106","북촌로12길","23","126.985724897326","37.5824885277873","다사545538","20231220","KT","KC_502_LLR_MOVIE_DRMA_PLCE_2023","20231220"
"KCMPLPO23N000000129","장소","관광지","16253871","해양드라마세트장",,,"60515","드라마/영화촬영지","4812531023107700000","경상남도","창원시 마산합포구","구산면","석곡리","770","4812531023","4812531000","481253329060","해양관광로","876-2","128.54144386293","35.110056581105","라라949799","20231220","KT","KC_502_LLR_MOVIE_DRMA_PLCE_2023","20231220"
"KCMPLPO23N000000130","장소","관광지","16390229","후토스야외촬영장",,,"60515","드라마/영화촬영지","4792025023201290000","경상북도","봉화군","봉화읍","유곡리","산129","4792025023","4792025000",,,,"128.739422460768","36.911185237008","마바104799","20231220","KT","KC_502_LLR_MOVIE_DRMA_PLCE_2023","20231220"
"KCMPLPO23N000000131","장소","관광지","16392502","건축학개론촬영지",,,"60515","드라마/영화촬영지","5013025327129750000","제주특별자치도","서귀포시","남원읍","위미리","2975","5013025327","5013025300","501303350236","위미해안로","86","126.655592510419","33.2694181058342","다나213756","20231220","KT","KC_502_LLR_MOVIE_DRMA_PLCE_2023","20231220"
"KCMPLPO23N000000132","장소","관광지","16406033","SBS드라마드림세트장",,,"60515","드라마/영화촬영지","2671025024101350000","부산광역시","기장군","기장읍","죽성리","135","2671025024","2671025000","267104220086","두호길","29-43","129.248564589317","35.241064273871","마라590953","20231220","KT","KC_502_LLR_MOVIE_DRMA_PLCE_2023","20231220"
"KCMPLPO23N000000133","장소","관광지","16489811","설악씨네라마",,,"60515","드라마/영화촬영지","5121011300100240066","강원특별자치도","속초시","장사동",,"24-66","5121011300","5121051000",,,,"128.524885847553","38.2081209226032","라아897235","20231220","KT","KC_502_LLR_MOVIE_DRMA_PLCE_2023","20231220"
"KCMPLPO23N000000134","장소","관광지","16490193","나주영상테마파크바람의나라세트장",,,"60515","드라마/영화촬영지","4617034024110420000","전라남도","나주시","공산면","신곡리","1042","4617034024","4617034000",,,,"126.6000567507","34.9805452216904","다라178654","20231220","KT","KC_502_LLR_MOVIE_DRMA_PLCE_2023","20231220"
"KCMPLPO23N000000135","장소","관광지","16497651","가을동화촬영지",,,"60515","드라마/영화촬영지","5121010900108380000","강원특별자치도","속초시","청호동",,"838","5121010900","5121059000","512104469151","아바이마을길","22","128.594781109751","38.202892031745","라아958230","20231220","KT","KC_502_LLR_MOVIE_DRMA_PLCE_2023","20231220"
"KCMPLPO23N000000136","장소","관광지","16497652","영화외출촬영지",,,"60515","드라마/영화촬영지","5123012600100050004","강원특별자치도","삼척시","정하동",,"5-4","5123012600","5123054000","512303224020","새천년도로","219","129.188656118416","37.448992715191","마사493402","20231220","KT","KC_502_LLR_MOVIE_DRMA_PLCE_2023","20231220"
"KCMPLPO23N000000137","장소","관광지","16497653","영화외출촬영지",,,"60515","드라마/영화촬영지","5123010100100080002","강원특별자치도","삼척시","성내동",,"8-2","5123010100","5123057000","512304472307","죽서루길","37","129.16053574378","37.4408771845528","마사468392","20231220","KT","KC_502_LLR_MOVIE_DRMA_PLCE_2023","20231220"
"KCMPLPO23N000000138","장소","관광지","16497654","감자꽃사진촬영장",,,"60515","드라마/영화촬영지","5176038023101240005","강원특별자치도","평창군","대관령면","차항리","124-5","5176038023","5176038000","517604484347","차항길","234","128.68902764461","37.7059583594529","마사048680","20231220","KT","KC_502_LLR_MOVIE_DRMA_PLCE_2023","20231220"
"KCMPLPO23N000000139","장소","관광지","16497655","레드카펫촬영장",,,"60515","드라마/영화촬영지","4773037046108450000","경상북도","의성군","금성면","도경리","845","4773037046","4773037000","477304745109","도경1길","18","128.642880524741","36.2401041213036","마바026053","20231220","KT","KC_502_LLR_MOVIE_DRMA_PLCE_2023","20231220"
"KCMPLPO23N000000140","장소","관광지","16497659","수통대장금촬영지",,,"60515","드라마/영화촬영지","4471033030102850002","충청남도","금산군","부리면","수통리","285-2","4471033030","4471033000","447104571126","도파길","40","127.594137593848","36.0620243877454","라마084850","20231220","KT","KC_502_LLR_MOVIE_DRMA_PLCE_2023","20231220"
"KCMPLPO23N000000141","장소","관광지","16497660","토지촬영지",,,"60515","드라마/영화촬영지","4885032034104820000","경상남도","하동군","악양면","평사리","482","4885032034","4885032000","488504832495","평사리길","70-4","127.687778446835","35.1551893395783","라라171844","20231220","KT","KC_502_LLR_MOVIE_DRMA_PLCE_2023","20231220"
"KCMPLPO23N000000142","장소","관광지","16497662","서울1945촬영지",,,"60515","드라마/영화촬영지","4889046037102560005","경상남도","합천군","용주면","가호리","256-5","4889046037","4889046000","488903348035","합천호수로","757","128.072353420521","35.5483396059577","라마518281","20231220","KT","KC_502_LLR_MOVIE_DRMA_PLCE_2023","20231220"
"KCMPLPO23N000000143","장소","관광지","16497663","해변의여인촬영지",,,"60515","드라마/영화촬영지","4482535025114140027","충청남도","태안군","원북면","신두리","1414-27","4482535025","4482535000","448254849141","신두해변길","147","126.184783197346","36.8372901396432","나바827718","20231220","KT","KC_502_LLR_MOVIE_DRMA_PLCE_2023","20231220"
"KCMPLPO23N000000144","장소","관광지","16497664","천국의계단촬영지",,,"60515","드라마/영화촬영지","2811015200201890000","인천광역시","중구","무의동",,"산189","2811015200","2811063000","281103149058","하나개로","140","126.411366884912","37.3853180148662","다사036323","20231220","KT","KC_502_LLR_MOVIE_DRMA_PLCE_2023","20231220"
"KCMPLPO23N000000145","장소","관광지","16497675","상도촬영지",,,"60515","드라마/영화촬영지","4725031021107820000","경상북도","상주시","중동면","회상리","782","4725031021","4725031000","472504733035","갱다불길","147","128.263658878423","36.4466281676582","라바684279","20231220","KT","KC_502_LLR_MOVIE_DRMA_PLCE_2023","20231220"
"KCMPLPO23N000000146","장소","관광지","16497677","신의촬영지",,,"60515","드라마/영화촬영지","4131010600103160047","경기도","구리시","아천동",,"316-47","4131010600","4131054100","413104388131","우미내길","41","127.11096190941","37.5607412330242","다사656513","20231220","KT","KC_502_LLR_MOVIE_DRMA_PLCE_2023","20231220"
"KCMPLPO23N000000147","장소","관광지","16502350","가을동화촬영지",,,"60515","드라마/영화촬영지","5182025322105160001","강원특별자치도","고성군","거진읍","화포리","516-1","5182025322","5182025300","518204502353","화진포길","330","128.438352623794","38.4787779703249","라아818535","20231220","KT","KC_502_LLR_MOVIE_DRMA_PLCE_2023","20231220"
"KCMPLPO23N000000148","장소","관광지","16502352","영화외출촬영지",,,"60515","드라마/영화촬영지","5123010700100140000","강원특별자치도","삼척시","갈천동",,"14","5123010700","5123053000","512304472329","테마타운길","39","129.16978314506","37.4670918947453","마사476421","20231220","KT","KC_502_LLR_MOVIE_DRMA_PLCE_2023","20231220"
"KCMPLPO23N000000149","장소","관광지","16502354","궁드라마촬영지",,,"60515","드라마/영화촬영지","4713011200105060001","경상북도","경주시","인왕동",,"506-1","4713011200","4713060500","471303305047","원화로","102","129.226416937444","35.8342335429642","마마559611","20231220","KT","KC_502_LLR_MOVIE_DRMA_PLCE_2023","20231220"
"KCMPLPO23N000000150","장소","관광지","16502355","러브레터촬영지",,,"60515","드라마/영화촬영지","5173037025110970000","강원특별자치도","횡성군","서원면","유현리","1097","5173037025","5173037000","517304478076","경강로유현1길","30","127.8186209729","37.529196497349","라사281478","20231220","KT","KC_502_LLR_MOVIE_DRMA_PLCE_2023","20231220"
"KCMPLPO23N000000151","장소","관광지","16509313","가은오픈세트장",,,"60515","드라마/영화촬영지","4728025321200130005","경상북도","문경시","가은읍","왕능리","산13-5","4728025321","4728025300","472804736524","왕능길","108-8","128.065573715058","36.653049021576","라바505507","20231220","KT","KC_502_LLR_MOVIE_DRMA_PLCE_2023","20231220"
"KCMPLPO23N000000152","장소","관광지","16521872","인어공주촬영지",,,"60515","드라마/영화촬영지","5011033021103070000","제주특별자치도","제주시","우도면","연평리","307","5011033021","5011033000",,,,"126.969885658139","33.4989863080586","다다507009","20231220","KT","KC_502_LLR_MOVIE_DRMA_PLCE_2023","20231220"
"KCMPLPO23N000000153","장소","관광지","16547746","아름다운시절영화촬영지",,,"60515","드라마/영화촬영지","4575040024107080000","전라북도","임실군","덕치면","천담리","708","4575040024","4575040000","457504631320","천담2길","286-1","127.175026382183","35.4756740831923","다마705200","20231220","KT","KC_502_LLR_MOVIE_DRMA_PLCE_2023","20231220"
"KCMPLPO23N000000154","장소","관광지","16584263","장옥정세트장",,,"60515","드라마/영화촬영지","4128511000102130000","경기도","고양시 일산동구","지영동",,"213","4128511000","4128560000","412853193007","공릉천로","411","126.828152767923","37.7226069599234","다사407694","20231220","KT","KC_502_LLR_MOVIE_DRMA_PLCE_2023","20231220"
"KCMPLPO23N000000155","장소","관광지","16586388","학교2013촬영지",,,"60515","드라마/영화촬영지","4111513800107200000","경기도","수원시 팔달구","화서동",,"720","4111513800","4111569000","411153175040","일월로","50","126.978843439903","37.287797497494","다사538211","20231220","KT","KC_502_LLR_MOVIE_DRMA_PLCE_2023","20231220"
"KCMPLPO23N000000156","장소","관광지","16586391","전우치촬영지",,,"60515","드라마/영화촬영지","4111512300100060002","경기도","수원시 팔달구","남창동",,"6-2","4111512300","4111574000","411153012006","정조로","825","127.013530511457","37.2819089772644","다사568204","20231220","KT","KC_502_LLR_MOVIE_DRMA_PLCE_2023","20231220"
"KCMPLPO23N000000157","장소","관광지","16586393","그겨울바람이분다촬영지",,,"60515","드라마/영화촬영지","5111040028104120000","강원특별자치도","춘천시","남산면","서천리","412","5111040028","5111040000","511104454759","햇골길","80","127.542761251759","37.8320448050192","라사037813","20231220","KT","KC_502_LLR_MOVIE_DRMA_PLCE_2023","20231220"
"KCMPLPO23N000000158","장소","관광지","16637622","고맙습니다촬영지",,,"60515","드라마/영화촬영지","4691031023118280000","전라남도","신안군","증도면","대초리","1828","4691031023","4691031000","469104706356","화도길","334","126.161549952053","34.9475224570825","나라777622","20231220","KT","KC_502_LLR_MOVIE_DRMA_PLCE_2023","20231220"
"KCMPLPO23N000000159","장소","관광지","16644139","시크릿가든촬영장",,,"60515","드라마/영화촬영지","4167034526104430003","경기도","여주시","세종대왕면","용은리","443-3","4167034526","4167034500","416704442369","용은길","28","127.539336945096","37.2915062636094","라사034213","20231220","KT","KC_502_LLR_MOVIE_DRMA_PLCE_2023","20231220"
"KCMPLPO23N000000160","장소","관광지","16644807","드라마하우스",,,"60515","드라마/영화촬영지","3171031025200280000","울산광역시","울주군","서생면","대송리","산28","3171031025","3171031000","317104319014","간절곶해안길","231","129.359466011716","35.3641150232754","마마689091","20231220","KT","KC_502_LLR_MOVIE_DRMA_PLCE_2023","20231220"
"KCMPLPO23N000000161","장소","관광지","16676890","삼여전망대",,,"60515","드라마/영화촬영지","4822035022200080218","경상남도","통영시","욕지면","서산리","산8-218","4822035022","4822035000",,,,"128.251433089175","34.6215551793655","라라688255","20231220","KT","KC_502_LLR_MOVIE_DRMA_PLCE_2023","20231220"
"KCMPLPO23N000000162","장소","관광지","16843633","더그림",,,"60515","드라마/영화촬영지","4183034022105640007","경기도","양평군","옥천면","용천리","564-7","4183034022","4183034000","418304451585","사나사길","175","127.497049767418","37.5291127562842","다사997477","20231220","KT","KC_502_LLR_MOVIE_DRMA_PLCE_2023","20231220"
"KCMPLPO23N000000163","장소","관광지","16854823","소향촌",,,"60515","드라마/영화촬영지","4155032027107530000","경기도","안성시","금광면","삼흥리","753","4155032027","4155032000",,,,"127.362746676481","37.0163427334821","다바877908","20231220","KT","KC_502_LLR_MOVIE_DRMA_PLCE_2023","20231220"
"KCMPLPO23N000000164","장소","관광지","16913015","온달관광지정도전촬영지",,,"60515","드라마/영화촬영지","4380033022101470000","충청북도","단양군","영춘면","하리","147","4380033022","4380033000","438003248041","온달로","23","128.492052552575","37.0621049615601","라바881964","20231220","KT","KC_502_LLR_MOVIE_DRMA_PLCE_2023","20231220"
"KCMPLPO23N000000165","장소","관광지","16914758","환상의커플철수네집촬영지",,,"60515","드라마/영화촬영지","4884033026100480001","경상남도","남해군","삼동면","물건리","48-1","4884033026","4884033000",,,,"128.040326419311","34.800579202023","라라494452","20231220","KT","KC_502_LLR_MOVIE_DRMA_PLCE_2023","20231220"
"KCMPLPO23N000000166","장소","관광지","16923784","영화밀양촬영지",,,"60515","드라마/영화촬영지","4827010800105580013","경상남도","밀양시","가곡동",,"558-13","4827010800","4827054000","482704808012","가곡8길","20","128.76495707387","35.4743694973349","마마147205","20231220","KT","KC_502_LLR_MOVIE_DRMA_PLCE_2023","20231220"
"KCMPLPO23N000000167","장소","관광지","17463400","스튜디오큐브",,,"60515","드라마/영화촬영지","3020012700100030001","대전광역시","유성구","도룡동",,"3-1","3020012700","3020055000","302004301105","대덕대로","480","127.381086510936","36.376779236884","다바893199","20231220","KT","KC_502_LLR_MOVIE_DRMA_PLCE_2023","20231220"
"KCMPLPO23N000000168","장소","관광지","17733908","금강송드라마세트장",,,"60515","드라마/영화촬영지","4793031022200790000","경상북도","울진군","북면","나곡리","산79","4793031022","4793031000",,,,"129.373592445725","37.1170919964047","마사664036","20231220","KT","KC_502_LLR_MOVIE_DRMA_PLCE_2023","20231220"
"KCMPLPO23N000000169","장소","관광지","17765143","드라마영광의재인촬영지",,,"60515","드라마/영화촬영지","4311111200100880002","충청북도","청주시 상당구","수동",,"88-2","4311111200","4311152500","431113236034","수암로","43","127.494164454557","36.6461465125227","다바994498","20231220","KT","KC_502_LLR_MOVIE_DRMA_PLCE_2023","20231220"
"KCMPLPO23N000000170","장소","관광지","17772291","태양의후예촬영지",,,"60515","드라마/영화촬영지","5119011200200670038","강원특별자치도","태백시","통동",,"산67-38","5119011200","5119052500","511904466203","통골길","116-44","129.042979175582","37.1607807725544","마사370080","20231220","KT","KC_502_LLR_MOVIE_DRMA_PLCE_2023","20231220"
"KCMPLPO23N000000171","장소","관광지","17839984","별에서온그대촬영지",,,"60515","드라마/영화촬영지","4833034021104720001","경상남도","양산시","하북면","순지리","472-1","4833034021","4833034000","483304814808","통도7길","68","129.083050333555","35.4984784887357","마마435236","20231220","KT","KC_502_LLR_MOVIE_DRMA_PLCE_2023","20231220"
"KCMPLPO23N000000172","장소","관광지","18074399","죽성성당",,,"60515","드라마/영화촬영지","2671025024101350000","부산광역시","기장군","기장읍","죽성리","135","2671025024","2671025000","267104220086","두호길","29-43","129.248585472803","35.2410490962208","마라591953","20231220","KT","KC_502_LLR_MOVIE_DRMA_PLCE_2023","20231220"
"KCMPLPO23N000000173","장소","관광지","18114622","겨울연가촬영지",,,"60515","드라마/영화촬영지","5176038026101300000","강원특별자치도","평창군","대관령면","용산리","130","5176038026","5176038000","517603228021","올림픽로","715","128.684230419614","37.6428645557","마사044610","20231220","KT","KC_502_LLR_MOVIE_DRMA_PLCE_2023","20231220"
"KCMPLPO23N000000174","장소","관광지","18223879","워낭소리부부의집",,,"60515","드라마/영화촬영지","4792038024107260002","경상북도","봉화군","상운면","하눌리","726-2","4792038024","4792038000","479204772185","산정길","84-41","128.768747245964","36.8717952024645","마바130755","20231220","KT","KC_502_LLR_MOVIE_DRMA_PLCE_2023","20231220"
"KCMPLPO23N000000175","장소","관광지","18231434","TVN선다방촬영지",,,"60515","드라마/영화촬영지","1111013900101320001","서울특별시","종로구","팔판동",,"132-1","1111013900","1111054000","111104100485","팔판길","13","126.980754803623","37.5825828627032","다사541538","20231220","KT","KC_502_LLR_MOVIE_DRMA_PLCE_2023","20231220"
"KCMPLPO23N000000176","장소","관광지","19868757","겨울연가촬영지",,,"60515","드라마/영화촬영지","5111040030101970000","강원특별자치도","춘천시","남산면","방하리","197","5111040030","5111040000","511104454832","남이섬길","1","127.526743087518","37.795399483987","라사023773","20231220","KT","KC_502_LLR_MOVIE_DRMA_PLCE_2023","20231220"
"KCMPLPO23N000000177","장소","관광지","20174255","아스달연대기드라마세트장",,,"60515","드라마/영화촬영지","4137011000102450000","경기도","오산시","내삼미동",,"245","4137011000","4137054000",,,,"127.064016302549","37.1791820391829","다사612090","20231220","KT","KC_502_LLR_MOVIE_DRMA_PLCE_2023","20231220"
"KCMPLPO23N000000178","장소","관광지","20518086","선샤인스튜디오",,,"60515","드라마/영화촬영지","4423025330108590055","충청남도","논산시","연무읍","황화정리","859-55","4423025330","4423025300","442303256004","봉황로","90","127.105520245868","36.1027084981972","다마644895","20231220","KT","KC_502_LLR_MOVIE_DRMA_PLCE_2023","20231220"
"KCMPLPO23N000000179","장소","관광지","20685271","제주실내영상스튜디오",,,"60515","드라마/영화촬영지","5011031030121140037","제주특별자치도","제주시","한경면","저지리","2114-37","5011031030","5011031000","501104848635","저지12길","53","126.262194583572","33.3397841655346","나나848838","20231220","KT","KC_502_LLR_MOVIE_DRMA_PLCE_2023","20231220"
"KCMPLPO23N000000180","장소","관광지","20777056","도깨비촬영지",,,"60515","드라마/영화촬영지","5115025022100810032","강원특별자치도","강릉시","주문진읍","교항리","81-32","5115025022","5115025000","511503220050","해안로","1609","128.833390594897","37.8794242713501","마사172874","20231220","KT","KC_502_LLR_MOVIE_DRMA_PLCE_2023","20231220"
"KCMPLPO23N000000181","장소","관광지","21001300","혜원의집",,,"60515","드라마/영화촬영지","2772034025109270002","대구광역시","군위군","우보면","미성리","927-2","2772034025","2772034000","277204742096","미성5길","58-1","128.664599692445","36.1798293760995","마마047987","20231220","KT","KC_502_LLR_MOVIE_DRMA_PLCE_2023","20231220"
"KCMPLPO23N000000182","장소","관광지","21073826","아현동골목길",,,"60515","드라마/영화촬영지","1144010100107290000","서울특별시","마포구","아현동",,"729","1144010100","1144056500",,,,"126.961055213623","37.5565393214378","다사523509","20231220","KT","KC_502_LLR_MOVIE_DRMA_PLCE_2023","20231220"
"KCMPLPO23N000000183","장소","관광지","21713053","낭만닥터김사부촬영지",,,"60515","드라마/영화촬영지","4165039023102040001","경기도","포천시","영북면","산정리","204-1","4165039023","4165039000","416503213016","산정호수로","771","127.323412254206","38.071846807859","다아845079","20231220","KT","KC_502_LLR_MOVIE_DRMA_PLCE_2023","20231220"
"KCMPLPO23N000000184","장소","관광지","22026398","글로벌미디어",,,"60515","드라마/영화촬영지","4180034023100900000","경기도","연천군","미산면","백석리","90","4180034023","4180034000","418003215058","마유로","105","126.973594204399","38.0484609130595","다아538055","20231220","KT","KC_502_LLR_MOVIE_DRMA_PLCE_2023","20231220"
"KCMPLPO23N000000185","장소","관광지","22129834","자산어보촬영지",,,"60515","드라마/영화촬영지","4691035021113560000","전라남도","신안군","도초면","발매리","1356","4691035021","4691035000",,,,"125.916795289571","34.6940242066937","나라549344","20231220","KT","KC_502_LLR_MOVIE_DRMA_PLCE_2023","20231220"
"KCMPLPO23N000000186","장소","관광지","22249218","슬픈연가촬영지",,,"60515","드라마/영화촬영지","3011012100106800000","대전광역시","동구","추동",,"680","3011012100","3011072500",,,,"127.486031925559","36.3788821995213","다바987201","20231220","KT","KC_502_LLR_MOVIE_DRMA_PLCE_2023","20231220"
"KCMPLPO23N000000187","장소","관광지","22354845","어썸타운스튜디오",,,"60515","드라마/영화촬영지","4128111900100150012","경기도","고양시 덕양구","내유동",,"15-12","4128111900","4128160000","412814376036","내유길","180-7","126.867854337572","37.7242517889303","다사442695","20231220","KT","KC_502_LLR_MOVIE_DRMA_PLCE_2023","20231220"
"KCMPLPO23N000000188","장소","관광지","22376369","수상해양복합촬영장",,,"60515","드라마/영화촬영지","3020012700100030001","대전광역시","유성구","도룡동",,"3-1","3020012700","3020055000","302004301105","대덕대로","480","127.381073374676","36.3768398972453","다바893199","20231220","KT","KC_502_LLR_MOVIE_DRMA_PLCE_2023","20231220"
"KCMPLPO23N000000189","장소","관광지","22510598","기생충포토존",,,"60515","드라마/영화촬영지","1111018400102220000","서울특별시","종로구","부암동",,"222","1111018400","1111055000",,,,"126.964098303596","37.5933293107434","다사526550","20231220","KT","KC_502_LLR_MOVIE_DRMA_PLCE_2023","20231220"
"KCMPLPO23N000000190","장소","관광지","22530097","명진책대여점",,,"60515","드라마/영화촬영지","4511112600100010002","전라북도","전주시 완산구","서서학동",,"1-2","4511112600","4511166000","451114598196","서학3길","63","127.151738910258","35.808335715726","다마685569","20231220","KT","KC_502_LLR_MOVIE_DRMA_PLCE_2023","20231220"
"KCMPLPO23N000000191","장소","관광지","22530100","한벽터널",,,"60515","드라마/영화촬영지","4511111800200070003","전라북도","전주시 완산구","교동",,"산7-3","4511111800","4511153000","451112266001","기린대로","2","127.160680473186","35.8120254611452","다마693573","20231220","KT","KC_502_LLR_MOVIE_DRMA_PLCE_2023","20231220"
"KCMPLPO23N000000192","장소","관광지","22633189","갯마을드라마촬영지",,,"60515","드라마/영화촬영지","4711332029104290000","경상북도","포항시 북구","청하면","청진리","429","4711332029","4711332000","471133304045","해안로","1884-2","129.396970796364","36.1705420818956","마마706987","20231220","KT","KC_502_LLR_MOVIE_DRMA_PLCE_2023","20231220"
"KCMPLPO23N000000193","장소","관광지","22644043","문경실내촬영스튜디오",,,"60515","드라마/영화촬영지","4728010600100340004","경상북도","문경시","신기동",,"34-4","4728010600","4728060000","472804736406","신기공단1길","27-45","128.179123335101","36.6387670594442","라바607492","20231220","KT","KC_502_LLR_MOVIE_DRMA_PLCE_2023","20231220"
"KCMPLPO23N000000194","장소","관광지","22804471","니지모리스튜디오",,,"60515","드라마/영화촬영지","4125011100108850012","경기도","동두천시","탑동동",,"885-12","4125011100","4125056500","412503189032","천보산로","567-12","127.092031051106","37.8790033892857","다사641866","20231220","KT","KC_502_LLR_MOVIE_DRMA_PLCE_2023","20231220"
"KCMPLPO23N000000195","장소","관광지","22811242","스크릿가든촬영지",,,"60515","드라마/영화촬영지","4182032526106160000","경기도","가평군","청평면","고성리","616","4182032526","4182032500","418203216049","호반로","1067","127.490997605602","37.7154874102727","다사992684","20231220","KT","KC_502_LLR_MOVIE_DRMA_PLCE_2023","20231220"
"KCMPLPO23N000000196","장소","관광지","22933045","BTS버스정류장",,,"60515","드라마/영화촬영지","5115025025100080039","강원특별자치도","강릉시","주문진읍","향호리","8-39","5115025025","5115025000",,,,"128.8169668406","37.9125326233107","마사157911","20231220","KT","KC_502_LLR_MOVIE_DRMA_PLCE_2023","20231220"
"KCMPLPO23N000000197","장소","관광지","23053169","리틀포레스트촬영지",,,"60515","드라마/영화촬영지","2772034025109270002","대구광역시","군위군","우보면","미성리","927-2","2772034025","2772034000","277204742096","미성5길","58-1","128.664474166503","36.179732963707","마마047986","20231220","KT","KC_502_LLR_MOVIE_DRMA_PLCE_2023","20231220"
